,original_cell_type,organ,uniform_label,uniform_label_lvl0,uniform_label_expanded_merged
0,Macrophage,sk,MACROPHAGE,MYELOID,MACROPHAGE
1,Monocyte,sk,MONOCYTE,MYELOID,MONOCYTE
2,Granulocyte progenitor,sk,GMP,HSC_MPP,GRANULOCYTE_MONOCYTE_PROGENITOR
3,DC2,sk,DC,MYELOID,DC
4,Microglia,sk,GLIA,GLIAL,GLIA
5,Monocyte precusor,sk,MONOCYTE/DC PRECURSOR,MYELOID,MONOCYTE/DC PRECURSOR
6,Fibroblast WNT2+,sk,FIBROBLAST,STROMAL,FIBROBLAST
7,NK cell,sk,NK,LYMPHOID,NK
8,B cell,sk,B CELL,LYMPHOID,B CELL
9,Lti,sk,LTI/ILC3,LYMPHOID,LTI/ILC3
10,ILC3,sk,LTI/ILC3,LYMPHOID,LTI/ILC3
11,MEMP,sk,MEMP,HSC_MPP,MEMP
12,CD4 T cell,sk,SP T CELL,LYMPHOID,SP T CELL
13,HSC,sk,HSC,HSC_MPP,HSC
14,Mac-mono,sk,MONOCYTE/MACROPHAGE,MYELOID,MONOCYTE/MACROPHAGE
15,Lymphatic endothelium,sk,ENDOTHELIAL CELL,VASCULATURE,ENDOTHELIAL CELL
16,NK T cell,sk,NK T,LYMPHOID,NK T
17,CD8 T cell,sk,SP T CELL,LYMPHOID,SP T CELL
18,Skeletal muscle,sk,MUSCLE,MUSCLE,MUSCLE
19,pDC,sk,PDC,LYMPHOID,PDC
20,Mast cell,sk,MAST CELL,EO_BASO_MAST,MAST CELL
21,DC1,sk,DC,MYELOID,DC
22,Vascular endothelium,sk,ENDOTHELIAL CELL,VASCULATURE,ENDOTHELIAL CELL
23,Neutrophil,sk,NEUTROPHIL,MYELOID,NEUTROPHIL
24,Langerhans cell,sk,LANGERHAN CELLS,MYELOID,LANGERHAN CELLS
25,Megakaryocyte,sk,MEGAKARYOCYTE,MEGAKARYOCYTE,MEGAKARYOCYTE
26,Erythroid,sk,ERYTHROID,ERYTHROID,ERYTHROID
27,Myofibroblast,sk,FIBROBLAST,STROMAL,FIBROBLAST
28,Fibroblast HF,sk,FIBROBLAST,STROMAL,FIBROBLAST
29,Fibroblast HOX5+,sk,FIBROBLAST,STROMAL,FIBROBLAST
30,Fibroblast unknown,sk,FIBROBLAST,STROMAL,FIBROBLAST
31,Pericyte,sk,PERICYTE,VASCULATURE,PERICYTE
32,Fibroblast FRZB+,sk,FIBROBLAST,STROMAL,FIBROBLAST
33,Early erythroid,sk,EARLY ERYTHROID,ERYTHROID,EARLY ERYTHROID
34,Neuronal cells,sk,NEURON,NEURONAL,NEURON
35,Schwann cell,sk,SCHWANN CELLS,GLIAL,SCHWANN CELLS
36,Smooth muscle,sk,SMOOTH MUSCLE/PERICYTE,VASCULATURE,SMOOTH MUSCLE/PERICYTE
37,ILC2,sk,ILC,LYMPHOID,ILC
38,Lymphoid progenitor,sk,LYMPHOID PROGENITOR,HSC_MPP,LYMPHOID PROGENITOR
39,Adipocyte,sk,ADIPOCYTE,ADIPOSE,ADIPOCYTE
40,Treg,sk,TREG,LYMPHOID,TREG
41,ASDC,sk,DC,MYELOID,DC
42,Periderm,sk,PERIDERM,STROMAL,PERIDERM
43,Melanocyte,sk,MELANOCYTE,MELANOCYTE,MELANOCYTE
44,Melanoblast,sk,MELANOBLAST,MELANOCYTE,MELANOBLAST
45,Basal KC,sk,BASAL KC,KERATINOCYTES,BASAL KC
46,Suprabasal KC,sk,KERATINOCYTES,KERATINOCYTES,KERATINOCYTES
47,Fibroblast dermal papillia,sk,FIBROBLAST,STROMAL,FIBROBLAST
48,HF KC,sk,KERATINOCYTES,KERATINOCYTES,KERATINOCYTES
49,B cell,li,B CELL,LYMPHOID,B CELL
50,DC precursor,li,DC PRECURSOR,MYELOID,DC PRECURSOR
51,DC1,li,DC,MYELOID,DC
52,DC2,li,DC,MYELOID,DC
53,early erythroid,li,EARLY ERYTHROID,ERYTHROID,EARLY ERYTHROID
54,Early Erythroid,li,EARLY ERYTHROID,ERYTHROID,EARLY ERYTHROID
55,Early lymphoid_T lymphocyte,li,EARLY ERYTHROID/T CELL,ERYTHROID,EARLY ERYTHROID/T CELL
56,early MK,li,EARLY MK,MEGAKARYOCYTE,EARLY MK
57,ELP,li,ELP,LYMPHOID,ELP
58,Endothelial cell,li,ENDOTHELIAL CELL,VASCULATURE,ENDOTHELIAL CELL
59,eo/baso/mast precursor,li,EO/BASO/MAST PRECURSOR,EO_BASO_MAST,EO/BASO/MAST PRECURSOR
60,erythroid-MPP hybrid,li,ERYTHROID/MPP,HSC_MPP,ERYTHROID/MPP
61,Fibroblast,li,FIBROBLAST,STROMAL,FIBROBLAST
62,GMP,li,GMP,HSC_MPP,GRANULOCYTE_MONOCYTE_PROGENITOR
63,Hepatocyte,li,HEPATOCYTE,HEPATOCYTE,HEPATOCYTE
64,HSC,li,HSC,HSC_MPP,HSC
65,ILC precursor,li,ILC PRECURSOR,LYMPHOID,ILC PRECURSOR
66,Kupffer Cell,li,KUPFFER CELL,MYELOID,KUPFFER CELL
67,Late Erythroid,li,LATE ERYTHROID,ERYTHROID,LATE ERYTHROID
68,macrophage,li,MACROPHAGE,MYELOID,MACROPHAGE
69,Mast cell,li,MAST CELL,EO_BASO_MAST,MAST CELL
70,Megakaryocyte,li,MEGAKARYOCYTE,MEGAKARYOCYTE,MEGAKARYOCYTE
71,MEMP,li,MEMP,HSC_MPP,MEMP
72,MEP,li,MEP,HSC_MPP,MK_ERY_PROGENITOR
73,Mid Erythroid,li,MID ERYTHROID,ERYTHROID,MID ERYTHROID
74,Mono-Mac,li,MONOCYTE/MACROPHAGE,MYELOID,MONOCYTE/MACROPHAGE
75,Monocyte,li,MONOCYTE,MYELOID,MONOCYTE
76,Monocyte precursor,li,MONOCYTE,MYELOID,MONOCYTE
77,MPP,li,MPP,HSC_MPP,MPP
78,myeloid DC progenitor,li,MYELOID DC PROGENITOR,HSC_MPP,MYELOID DC PROGENITOR
79,Neutrophil-myeloid progenitor,li,NEUTROPHIL-MYELOID PROGENITOR,MYELOID,NEUTROPHIL-MYELOID PROGENITOR
80,NK,li,NK,LYMPHOID,NK
81,pDC precursor,li,PDC PRECURSOR,LYMPHOID,PDC PRECURSOR
82,pDC progenitor,li,PDC PROGENITOR,LYMPHOID,PDC PROGENITOR
83,pre-B cell,li,PRE B CELL,LYMPHOID,PRE B CELL
84,pro-B cell,li,PRO B CELL,LYMPHOID,PRO B CELL
85,VCAM1+ EI macrophage,li,MACROPHAGE,MYELOID,MACROPHAGE
86,Fibroblast 1,ki,FIBROBLAST,STROMAL,FIBROBLAST
87,Stroma progenitor,ki,STROMA PROGENITOR,STROMAL,STROMA PROGENITOR
88,Fibroblast 2,ki,FIBROBLAST,STROMAL,FIBROBLAST
89,Myofibroblast 1,ki,MYOFIBROBLAST,STROMAL,MYOFIBROBLAST
90,Myofibroblast 2,ki,MYOFIBROBLAST,STROMAL,MYOFIBROBLAST
91,Proliferating myofibroblast,ki,MYOFIBROBLAST,STROMAL,MYOFIBROBLAST
92,Proliferating stroma progenitor,ki,STROMA PROGENITOR,STROMAL,STROMA PROGENITOR
93,Proliferating fibroblast,ki,FIBROBLAST,STROMAL,FIBROBLAST
94,Neuron,ki,NEURON,NEURONAL,NEURON
95,Endothelium,ki,ENDOTHELIAL CELL,VASCULATURE,ENDOTHELIAL CELL
96,CNT/PC - proximal UB,ki,NEPHRON,NEPHRON,NEPHRON
97,Medial S shaped body,ki,NEPHRON,NEPHRON,NEPHRON
98,Podocyte,ki,NEPHRON,NEPHRON,NEPHRON
99,Proliferating distal renal vesicle,ki,NEPHRON,NEPHRON,NEPHRON
100,Proximal tubule,ki,NEPHRON,NEPHRON,NEPHRON
101,Proximal S shaped body,ki,NEPHRON,NEPHRON,NEPHRON
102,Proliferating cap mesenchyme,ki,NEPHRON,NEPHRON,NEPHRON
103,Loop of Henle,ki,NEPHRON,NEPHRON,NEPHRON
104,Cap mesenchyme,ki,NEPHRON,NEPHRON,NEPHRON
105,Distal renal vesicle,ki,NEPHRON,NEPHRON,NEPHRON
106,Proximal UB,ki,NEPHRON,NEPHRON,NEPHRON
107,Distal S shaped body,ki,NEPHRON,NEPHRON,NEPHRON
108,Proximal renal vesicle,ki,NEPHRON,NEPHRON,NEPHRON
109,Pelvic epithelium - distal UB,ki,NEPHRON,NEPHRON,NEPHRON
110,Macrophage 1,ki,MACROPHAGE,MYELOID,MACROPHAGE
111,Megakaryocyte,ki,MEGAKARYOCYTE,MEGAKARYOCYTE,MEGAKARYOCYTE
112,Mast cells,ki,MAST CELL,EO_BASO_MAST,MAST CELL
113,Proliferating monocyte,ki,MONOCYTE,MYELOID,MONOCYTE
114,Proliferating macrophage,ki,MACROPHAGE,MYELOID,MACROPHAGE
115,Neutrophil,ki,NEUTROPHIL,MYELOID,NEUTROPHIL
116,NK cell,ki,NK,LYMPHOID,NK
117,Erythroid,ki,ERYTHROID,ERYTHROID,ERYTHROID
118,cDC2,ki,DC,MYELOID,DC
119,Macrophage 2,ki,MACROPHAGE,MYELOID,MACROPHAGE
120,Innate like lymphocyte,ki,ILC,LYMPHOID,ILC
121,Proliferating NK cell,ki,NK,LYMPHOID,NK
122,Proliferating cDC2,ki,DC,MYELOID,DC
123,CD8 T cell,ki,SP T CELL,LYMPHOID,SP T CELL
124,Monocyte,ki,MONOCYTE,MYELOID,MONOCYTE
125,pDC,ki,PDC,LYMPHOID,PDC
126,CD4 T cell,ki,SP T CELL,LYMPHOID,SP T CELL
127,cDC1,ki,DC,MYELOID,DC
128,Proliferating B cell,ki,B CELL,LYMPHOID,B CELL
129,B cell,ki,B CELL,LYMPHOID,B CELL
130,CD8+T,th,SP T CELL,LYMPHOID,SP T CELL
131,CD4+T,th,SP T CELL,LYMPHOID,SP T CELL
132,CD8αα(I),th,SP T CELL,LYMPHOID,SP T CELL
133,αβT(entry),th,SP T CELL,LYMPHOID,SP T CELL
134,CD8αα(II),th,SP T CELL,LYMPHOID,SP T CELL
135,Th17,th,SP T CELL,LYMPHOID,SP T CELL
136,γδT,th,SP T CELL,LYMPHOID,SP T CELL
137,CD8+Tmem,th,SP T CELL,LYMPHOID,SP T CELL
138,CD4+Tmem,th,SP T CELL,LYMPHOID,SP T CELL
139,CD4+CTL,th,SP T CELL,LYMPHOID,SP T CELL
140,Tfh,th,SP T CELL,LYMPHOID,SP T CELL
141,CD4+PD1,th,SP T CELL,LYMPHOID,SP T CELL
142,DP(P),th,DP T CELL,LYMPHOID,DP T CELL
143,DP(Q),th,DP T CELL,LYMPHOID,DP T CELL
144,DN(Q),th,DN T CELL,LYMPHOID,DN T CELL
145,DN(P),th,DN T CELL,LYMPHOID,DN T CELL
146,DN(early),th,DN T CELL,LYMPHOID,DN T CELL
147,Treg(diff),th,TREG,LYMPHOID,TREG
148,T(agonist),th,TREG,LYMPHOID,TREG
149,Treg,th,TREG,LYMPHOID,TREG
150,Mono,th,MONOCYTE,MYELOID,MONOCYTE
151,B_naive,th,B CELL,LYMPHOID,B CELL
152,B_memory,th,B CELL,LYMPHOID,B CELL
153,B_plasma,th,B CELL,LYMPHOID,B CELL
154,B_pro/pre,th,PRE PRO B CELL,LYMPHOID,PRE PRO B CELL
155,DC2,th,DC,MYELOID,DC
156,DC1,th,DC,MYELOID,DC
157,aDC1,th,DC,MYELOID,DC
158,aDC3,th,DC,MYELOID,DC
159,aDC2,th,DC,MYELOID,DC
160,pDC,th,PDC,LYMPHOID,PDC
161,NKT,th,NK T,LYMPHOID,NK T
162,Mac,th,MACROPHAGE,MYELOID,MACROPHAGE
163,NMP,th,NEUTROPHIL-MYELOID PROGENITOR,MYELOID,NEUTROPHIL-MYELOID PROGENITOR
164,Fb_1,th,FIBROBLAST,STROMAL,FIBROBLAST
165,Fb_2,th,FIBROBLAST,STROMAL,FIBROBLAST
166,Fb_cycling,th,FIBROBLAST,STROMAL,FIBROBLAST
167,NK,th,NK,LYMPHOID,NK
168,Mast,th,MAST CELL,EO_BASO_MAST,MAST CELL
169,ETP,th,LYMPHOID PROGENITOR,HSC_MPP,LYMPHOID PROGENITOR
170,ILC3,th,ILC,LYMPHOID,ILC
171,Ery,th,ERYTHROCYTE,ERYTHROID,ERYTHROID
172,VSMC,th,SMOOTH MUSCLE/PERICYTE,VASCULATURE,SMOOTH MUSCLE/PERICYTE
173,mTEC(I),th,EPITHELIUM,EPI,EPITHELIUM
174,TEC(neuro),th,EPITHELIUM,EPI,EPITHELIUM
175,mTEC(II),th,EPITHELIUM,EPI,EPITHELIUM
176,cTEC,th,EPITHELIUM,EPI,EPITHELIUM
177,mcTEC,th,EPITHELIUM,EPI,EPITHELIUM
178,TEC(myo),th,EPITHELIUM,EPI,EPITHELIUM
179,mTEC(III),th,EPITHELIUM,EPI,EPITHELIUM
180,mTEC(IV),th,EPITHELIUM,EPI,EPITHELIUM
181,Epi_GCM2,th,EPITHELIUM,EPI,EPITHELIUM
182,Endo,th,ENDOTHELIAL CELL,VASCULATURE,ENDOTHELIAL CELL
183,Mgk,th,MEGAKARYOCYTE,MEGAKARYOCYTE,MEGAKARYOCYTE
184,Lymph,th,LYMPHATIC,VASCULATURE,LYMPHATIC
185,CMP,ys,CMP,HSC_MPP,COMMON_MYELOID_PROGENITOR
186,DC2,ys,DC,MYELOID,DC
187,Early_Erythroid,ys,EARLY ERYTHROID,ERYTHROID,EARLY ERYTHROID
188,Endoderm,ys,ENDODERM,EPI,ENDODERM
189,Eo_Baso_Mast_precursor,ys,EO/BASO/MAST PRECURSOR,EO_BASO_MAST,EO/BASO/MAST PRECURSOR
190,Eo_Basophil,ys,EO/BASOPHIL,EO_BASO_MAST,EO/BASOPHIL
191,Epithelium,ys,EPITHELIUM,EPI,EPITHELIUM
192,Erythroid,ys,ERYTHROID,ERYTHROID,ERYTHROID
193,Fibroblast,ys,FIBROBLAST,STROMAL,FIBROBLAST
194,HSC,ys,HSC,HSC_MPP,HSC
195,IL33+_Endothelium,ys,ENDOTHELIAL CELL,VASCULATURE,ENDOTHELIAL CELL
196,ILC_precursor,ys,ILC PRECURSOR,LYMPHOID,ILC PRECURSOR
197,LMPP,ys,LMPP,HSC_MPP,LYMPHOID_PROGENITOR
198,Lymphoid_progenitor,ys,LYMPHOID PROGENITOR,HSC_MPP,LYMPHOID PROGENITOR
199,LYVE1+_Endothelium,ys,ENDOTHELIAL CELL,VASCULATURE,ENDOTHELIAL CELL
200,Mac_DC_precursor,ys,MACROPHAGE/DC PRECURSOR,MYELOID,MACROPHAGE/DC PRECURSOR
201,Macrophage,ys,MACROPHAGE,MYELOID,MACROPHAGE
202,Mast_cell,ys,MAST CELL,EO_BASO_MAST,MAST CELL
203,MEMP,ys,MEMP,HSC_MPP,MEMP
204,microglia,ys,GLIA,GLIAL,GLIA
205,MK,ys,MEGAKARYOCYTE,MEGAKARYOCYTE,MEGAKARYOCYTE
206,Monocyte,ys,MONOCYTE,MYELOID,MONOCYTE
207,Monocyte_Macrophage,ys,MONOCYTE/MACROPHAGE,MYELOID,MONOCYTE/MACROPHAGE
208,MOP,ys,MOP,HSC_MPP,COMMITTED_MONOCYTE_PROGENITOR
209,MPP,ys,MPP,HSC_MPP,MPP
210,MPP2,ys,MPP,HSC_MPP,MPP
211,Neutrophil_precursor,ys,NEUTROPHIL PRECURSOR,MYELOID,NEUTROPHIL PRECURSOR
212,NK,ys,NK,LYMPHOID,NK
213,Promonocyte,ys,PROMONOCYTE,MYELOID,PROMONOCYTE
214,Smooth_Muscle,ys,MUSCLE,MUSCLE,MUSCLE
215,B_cell,sp,B CELL,LYMPHOID,B CELL
216,CD8_Tcell,sp,SP T CELL,LYMPHOID,SP T CELL
217,DC1,sp,DC,MYELOID,DC
218,DC2,sp,DC,MYELOID,DC
219,Early_Erythroid,sp,EARLY ERYTHROID,ERYTHROID,EARLY ERYTHROID
220,Early_Megakaryocyte_progenitor,sp,EARLY MK,MEGAKARYOCYTE,EARLY MK
221,Erythroid,sp,ERYTHROID,ERYTHROID,ERYTHROID
222,Fibroblast,sp,FIBROBLAST,STROMAL,FIBROBLAST
223,Fibroblast_expressing_pericyte_features,sp,FIBROBLAST,STROMAL,FIBROBLAST
224,HSC,sp,HSC,HSC_MPP,HSC
225,ILC_Progenitor,sp,ILC,LYMPHOID,ILC
226,ILC2,sp,ILC,LYMPHOID,ILC
227,ILC3,sp,ILC,LYMPHOID,ILC
228,Late_Megakaryocyte,sp,LATE MK,MEGAKARYOCYTE,LATE MK
229,Late_neural_crest_cells,sp,NEURAL CREST,NEURAL CREST,NEURAL CREST
230,Macrophage_Proliferating,sp,MACROPHAGE,MYELOID,MACROPHAGE
231,Mast_cell,sp,MAST CELL,EO_BASO_MAST,MAST CELL
232,MEMP,sp,MEMP,HSC_MPP,MEMP
233,Mesenchymal stem cell_endothelial cell,sp,MSC/ENDOTHELIAL CELL,MESENCHYMAL_PROGENITOR,MSC/ENDOTHELIAL CELL
234,Mid_Erythroid,sp,MID ERYTHROID,ERYTHROID,MID ERYTHROID
235,Mid_Megakaryocyte,sp,MID MK,MEGAKARYOCYTE,MID MK
236,Mig_Macrophage,sp,MACROPHAGE,MYELOID,MACROPHAGE
237,Mono_Mac,sp,MONOCYTE/MACROPHAGE,MYELOID,MONOCYTE/MACROPHAGE
238,Monocyte,sp,MONOCYTE,MYELOID,MONOCYTE
239,Monocyte_DC_precursor,sp,MONOCYTE/DC PRECURSOR,MYELOID,MONOCYTE/DC PRECURSOR
240,MSC_expressing_Muscle_and_proliferative_features,sp,MUSCLE,MUSCLE,MUSCLE
241,MSC_expressing_Muscle_features,sp,MUSCLE,MUSCLE,MUSCLE
242,Muscle_expressing_pericyte_features,sp,PERICYTE,VASCULATURE,PERICYTE
243,Myofibroblast,sp,MYOFIBROBLAST,STROMAL,MYOFIBROBLAST
244,Myofibroblast_expressing_pericyte_features,sp,MYOFIBROBLAST,STROMAL,MYOFIBROBLAST
245,Neut,sp,NEUTROPHIL,MYELOID,NEUTROPHIL
246,Neut_Myeloid_Progenitor,sp,NEUTROPHIL PROGENITOR,MYELOID,NEUTROPHIL PRECURSOR
247,Neut_Progenitor,sp,NEUTROPHIL PROGENITOR,MYELOID,NEUTROPHIL PRECURSOR
248,NK_cells,sp,NK,LYMPHOID,NK
249,NK_Proliferating,sp,NK,LYMPHOID,NK
250,NKT,sp,NK T,LYMPHOID,NK T
251,pDC,sp,PDC,LYMPHOID,PDC
252,Pre_B_cells_Proliferative,sp,PRE B CELL,LYMPHOID,PRE B CELL
253,Pre_Pro_B_cells,sp,PRE PRO B CELL,LYMPHOID,PRE PRO B CELL
254,Pro_B_cells_Proliferative,sp,PRO B CELL,LYMPHOID,PRO B CELL
255,Proliferative_fibroblast,sp,FIBROBLAST,STROMAL,FIBROBLAST
256,RP_Macrophage,sp,MACROPHAGE,MYELOID,MACROPHAGE
257,Splenic_endothelial_cell_expressing_HEV_Markers,sp,ENDOTHELIAL CELL,VASCULATURE,ENDOTHELIAL CELL
258,T_cell,sp,SP T CELL,LYMPHOID,SP T CELL
259,T_cells_Proiferating,sp,SP T CELL,LYMPHOID,SP T CELL
260,Unknown,sp,UNKNOWN,UNKNOWN,UNKNOWN
261,S3-like,gu,S3-LIKE,STROMAL,S3-LIKE
262,Pericyte,gu,PERICYTE,VASCULATURE,PERICYTE
263,Arterial endothelial 1,gu,ENDOTHELIAL CELL,VASCULATURE,ENDOTHELIAL CELL
264,mLTo,gu,MLTO,STROMAL,MESENCHYMAL_LYMPHOID_TISSUE_ORGANISER
265,Stromal 3,gu,FIBROBLAST,STROMAL,FIBROBLAST
266,Myofibroblast,gu,MYOFIBROBLAST,STROMAL,MYOFIBROBLAST
267,Stromal 1,gu,FIBROBLAST,STROMAL,FIBROBLAST
268,Venous endothelial 2,gu,ENDOTHELIAL CELL,VASCULATURE,ENDOTHELIAL CELL
269,Crypt,gu,CRYPT,EPI,CRYPT
270,macrophage,gu,MACROPHAGE,MYELOID,MACROPHAGE
271,Enteric glia,gu,GLIA,GLIAL,GLIA
272,Stromal 2,gu,FIBROBLAST,STROMAL,FIBROBLAST
273,Venous endothelial 1,gu,ENDOTHELIAL CELL,VASCULATURE,ENDOTHELIAL CELL
274,Neuron branch 2a,gu,NEURON,NEURONAL,NEURON
275,Neuron branch 1,gu,NEURON,NEURONAL,NEURON
276,Enterocyte,gu,ENTEROCYTE,EPI,ERYTHROID
277,Lymphatic endothelial,gu,ENDOTHELIAL CELL,VASCULATURE,ENDOTHELIAL CELL
278,Non-myelin Schwann-like,gu,SCHWANN CELLS,GLIAL,SCHWANN CELLS
279,Arterial endothelial 2,gu,ENDOTHELIAL CELL,VASCULATURE,ENDOTHELIAL CELL
280,Erythroblast,gu,ERYTHROCYTE,ERYTHROID,ERYTHROID
281,SMC,gu,SMOOTH MUSCLE/PERICYTE,VASCULATURE,SMOOTH MUSCLE/PERICYTE
282,SMC1,gu,SMOOTH MUSCLE/PERICYTE,VASCULATURE,SMOOTH MUSCLE/PERICYTE
283,LTi-like NK/T,gu,NK T,LYMPHOID,NK T
284,MLN/GHRL EEC,gu,ENTEROENDOCRINE CELL,ENDOCRINE,ENTEROENDOCRINE CELL
285,Pro-B,gu,PRO B CELL,LYMPHOID,PRO B CELL
286,Myelin Schwann-like,gu,SCHWANN CELLS,GLIAL,SCHWANN CELLS
287,Committed neuron prog,gu,NEURON,NEURONAL,NEURON
288,LYVE1+ macrophage,gu,MACROPHAGE,MYELOID,MACROPHAGE
289,Mesothelium,gu,MESOTHELIUM,EPI,MESOTHELIUM
290,Tuft,gu,TUFT,EPI,TUFT
291,Goblet,gu,GOBLET,EPI,GOBLET
292,TPH1 EEC,gu,ENTEROENDOCRINE CELL,ENDOCRINE,ENTEROENDOCRINE CELL
293,BEST4 enterocyte,gu,ENTEROCYTE,EPI,ERYTHROID
294,Neuron branch 2b,gu,NEURON,NEURONAL,NEURON
295,ENCC,gu,NEURAL CREST,NEURAL CREST,NEURAL CREST
296,Capillary endothelium,gu,ENDOTHELIAL CELL,VASCULATURE,ENDOTHELIAL CELL
297,ICC,gu,ICC,STROMAL,INTERSTITIAL_CELL_CAJAL
298,cDC2,gu,DC,MYELOID,DC
299,NK cell,gu,NK,LYMPHOID,NK
300,Monocyte 2,gu,MONOCYTE,MYELOID,MONOCYTE
301,NTS/GCG/PYY EEC,gu,ENTEROENDOCRINE CELL,ENDOCRINE,ENTEROENDOCRINE CELL
302,SELL+ CD4 T,gu,SP T CELL,LYMPHOID,SP T CELL
303,Cycling endothelium,gu,ENDOTHELIAL CELL,VASCULATURE,ENDOTHELIAL CELL
304,Immature B,gu,B CELL,LYMPHOID,B CELL
305,Inflammatory macrophage,gu,MACROPHAGE,MYELOID,MACROPHAGE
306,M cell,gu,M CELL,EPI,MICROFOLD_CELL
307,EEC,gu,ENTEROENDOCRINE CELL,ENDOCRINE,ENTEROENDOCRINE CELL
308,LTi-like ILC3,gu,LTI/ILC3,LYMPHOID,LTI/ILC3
309,CLP,gu,LYMPHOID PROGENITOR,HSC_MPP,LYMPHOID PROGENITOR
310,cDC1,gu,DC,MYELOID,DC
311,Treg,gu,TREG,LYMPHOID,TREG
312,pDC,gu,PDC,LYMPHOID,PDC
313,SCP,gu,SCHWANN CELLS,GLIAL,SCHWANN CELLS
314,GAST/GIP EEC,gu,ENTEROENDOCRINE CELL,ENDOCRINE,ENTEROENDOCRINE CELL
315,CCK EEC,gu,ENTEROENDOCRINE CELL,ENDOCRINE,ENTEROENDOCRINE CELL
316,SELL+ CD8 T,gu,SP T CELL,LYMPHOID,SP T CELL
317,NK T cell,gu,NK T,LYMPHOID,NK T
318,Pre-B,gu,PRE B CELL,LYMPHOID,PRE B CELL
319,TA,gu,TA,EPI,TRANSIT_AMPLIFYING
320,NEUROG3hi EEC,gu,ENTEROENDOCRINE CELL,ENDOCRINE,ENTEROENDOCRINE CELL
321,Mast,gu,MAST CELL,EO_BASO_MAST,MAST CELL
322,Monocyte,gu,MONOCYTE,MYELOID,MONOCYTE
323,ILCP,gu,ILC PRECURSOR,LYMPHOID,ILC PRECURSOR
324,Lymphoid DC,gu,DC,MYELOID,DC
325,Cycling stromal,gu,FIBROBLAST,STROMAL,FIBROBLAST
326,MPO+ mono-neutrophil,gu,NEUTROPHIL,MYELOID,NEUTROPHIL
327,Cycling myeloid,gu,CD16 MYELOID,MYELOID,COMMITTED_MONOCYTE_PROGENITOR
328,CD177+ neutrophil,gu,NEUTROPHIL,MYELOID,NEUTROPHIL
329,Committed glial prog,gu,GLIA,GLIAL,GLIA
330,cycling T,gu,SP T CELL,LYMPHOID,SP T CELL
331,adipo-CAR,bm,ADIPOCYTE,ADIPOSE,ADIPOCYTE
332,arteriolar fibroblast,bm,FIBROBLAST,STROMAL,FIBROBLAST
333,basophil,bm,BASOPHIL,EO_BASO_MAST,BASOPHIL
334,CD14 monocyte,bm,MONOCYTE,MYELOID,MONOCYTE
335,CD4 T cell,bm,SP T CELL,LYMPHOID,SP T CELL
336,CD56 bright NK,bm,NK,LYMPHOID,NK
337,CD8 T cell,bm,SP T CELL,LYMPHOID,SP T CELL
338,chondrocyte,bm,CHONDROCYTE,OSTEOCHONDRAL,CHONDROCYTE
339,CMP,bm,CMP,HSC_MPP,COMMON_MYELOID_PROGENITOR
340,DC precursor,bm,DC PRECURSOR,MYELOID,DC PRECURSOR
341,DC1,bm,DC,MYELOID,DC
342,DC2,bm,DC,MYELOID,DC
343,DC3,bm,DC,MYELOID,DC
344,early erythroid,bm,EARLY ERYTHROID,ERYTHROID,EARLY ERYTHROID
345,early MK,bm,EARLY MK,MEGAKARYOCYTE,EARLY MK
346,early osteoblast,bm,EARLY OSTEOBLAST,OSTEOCHONDRAL,EARLY OSTEOBLAST
347,ELP,bm,ELP,LYMPHOID,ELP
348,endosteal fibroblast,bm,FIBROBLAST,STROMAL,FIBROBLAST
349,eo/baso/mast precursor,bm,EO/BASO/MAST PRECURSOR,EO_BASO_MAST,EO/BASO/MAST PRECURSOR
350,eosinophil,bm,EOSINOPHIL,EO_BASO_MAST,EOSINOPHIL
351,erythroid macrophage,bm,MACROPHAGE,MYELOID,MACROPHAGE
352,GMP,bm,GMP,HSC_MPP,GRANULOCYTE_MONOCYTE_PROGENITOR
353,HSC,bm,HSC,HSC_MPP,HSC
354,ILC precursor,bm,ILC PRECURSOR,LYMPHOID,ILC PRECURSOR
355,immature B cell,bm,B CELL,LYMPHOID,B CELL
356,immature EC,bm,ERYTHROCYTE,ERYTHROID,ERYTHROID
357,late erythroid,bm,LATE ERYTHROID,ERYTHROID,LATE ERYTHROID
358,LMPP,bm,LMPP,HSC_MPP,LYMPHOID_PROGENITOR
359,mast cell,bm,MAST CELL,EO_BASO_MAST,MAST CELL
360,mature NK,bm,NK,LYMPHOID,NK
361,MEMP,bm,MEMP,HSC_MPP,MEMP
362,MEP,bm,MEP,HSC_MPP,MK_ERY_PROGENITOR
363,mid erythroid,bm,MID ERYTHROID,ERYTHROID,MID ERYTHROID
364,MK,bm,MEGAKARYOCYTE,MEGAKARYOCYTE,MEGAKARYOCYTE
365,monocytoid macrophage,bm,MACROPHAGE,MYELOID,MACROPHAGE
366,MOP,bm,MOP,HSC_MPP,COMMITTED_MONOCYTE_PROGENITOR
367,MPP myeloid,bm,MPP MYELOID,HSC_MPP,MYELOID_MULTIPOTENT_PROGENITOR
368,muscle,bm,MUSCLE,MUSCLE,MUSCLE
369,muscle stem cell,bm,MUSCLE STEM CELL,MESENCHYMAL_PROGENITOR,MUSCLE STEM CELL
370,myelocyte,bm,MYELOCYTE,MYELOID,MYELOCYTE
371,myeloid DC progenitor,bm,MYELOID DC PROGENITOR,HSC_MPP,MYELOID DC PROGENITOR
372,myofibroblast,bm,MYOFIBROBLAST,STROMAL,MYOFIBROBLAST
373,naive B cell,bm,B CELL,LYMPHOID,B CELL
374,neutrophil,bm,NEUTROPHIL,MYELOID,NEUTROPHIL
375,NK progenitor,bm,NK PROGENITOR,LYMPHOID,NK PROGENITOR
376,NK T cell,bm,NK T,LYMPHOID,NK T
377,osteoblast,bm,OSTEOBLAST,OSTEOCHONDRAL,OSTEOBLAST
378,osteoblast precursor,bm,OSTEOBLAST PRECURSOR,OSTEOCHONDRAL,OSTEOBLAST PRECURSOR
379,osteochondral precursor,bm,OSTEOCHONDRAL PRECURSOR,OSTEOCHONDRAL,OSTEOCHONDRAL PRECURSOR
380,osteoclast,bm,OSTEOCLAST,MYELOID,OSTEOCLAST
381,pDC,bm,PDC,LYMPHOID,PDC
382,pDC progenitor,bm,PDC PROGENITOR,LYMPHOID,PDC PROGENITOR
383,pre B progenitor,bm,PRE B CELL,LYMPHOID,PRE B CELL
384,pre pro B progenitor,bm,PRE PRO B CELL,LYMPHOID,PRE PRO B CELL
385,pro B progenitor,bm,PRO B CELL,LYMPHOID,PRO B CELL
386,proliferating EC,bm,ENDOTHELIAL CELL,VASCULATURE,ENDOTHELIAL CELL
387,promonocyte,bm,PROMONOCYTE,MYELOID,PROMONOCYTE
388,promyelocyte,bm,PROMYELOCYTE,MYELOID,PROMYELOCYTE
389,schwann cells,bm,SCHWANN CELLS,GLIAL,SCHWANN CELLS
390,sinusoidal EC,bm,ERYTHROCYTE,ERYTHROID,ERYTHROID
391,stromal macrophage,bm,MACROPHAGE,MYELOID,MACROPHAGE
392,tDC,bm,DC,MYELOID,DC
393,tip EC,bm,ERYTHROCYTE,ERYTHROID,ERYTHROID
394,Treg,bm,TREG,LYMPHOID,TREG
